id,class
80a8dc1d-b216-469c-91b1-fc257562a883,0
3ab012da-927a-40d6-95f8-5a2f96dad360,0
eef92f84-5127-4063-a4a2-fee4035b1ac7,0
8d562739-6502-4a6c-8b83-e029b795f685,0
404c2e92-1101-4e62-83bf-a6fdb7dfcb9a,0
6ab9859a-a154-41ba-a9a0-dcf78dc997f2,0
76388aef-1dff-4041-9a8d-91c285330320,0
314de89f-0a2b-4442-b222-3315a0dbebb9,0
617b9998-ecb4-4c2d-b072-0074ff8632e5,0
f21d0ff9-e038-4035-b5fd-a243f81e12f5,0
2cb1cc09-4ea7-4500-8ebf-0595289856cd,0
d1855b6e-b42b-4620-8de7-16fc07e0986c,0
a4f466d3-b4b3-4707-9b3c-36a04016725c,0
c0889a9d-1db2-44cb-a6a2-77ee0ffb526e,0
0d37b7f5-20f2-4010-b382-75b4944324e3,0
70096586-9bb5-4dde-b255-3979d2bb3797,0
8b84ce78-5910-488f-a49c-9dd26a67e0fe,0
728fa95c-e40b-4624-8c91-db76e30761f3,0
676b8efc-8d2a-46e6-8fc5-3e06a08e3253,0
8f42836c-47bb-4dde-a8e3-1fbf9903bc5d,0
d13899d8-42a6-4ef3-b295-4148e6d9f332,0
5d0c3e6e-3103-438e-95a5-8c1958663125,0
e07b5569-c8e0-402d-9d8c-24044e1d6778,0
e81b25c7-53bd-4f9a-aa5f-a1407add9172,0
101109c8-f7c4-4c74-817f-89480f0fe579,0
59a666b6-faaa-4468-ad4b-7e335ccaf102,0
87e8b146-9bf4-491e-ab62-0cccec8779b4,0
ba292121-f98a-42c0-bcbf-3b8fb42f4cf6,0
075830c4-30ef-42fa-81e6-6441ac3a0316,0
ede3a439-3d56-470a-bfd3-3cc63ef508a3,0
f68693d0-507b-4576-92ae-9e25af1ee32e,0
d55f5063-2578-430a-918f-a82999f54944,0
63e55de5-f7bd-4de4-8adb-1c39c51a844c,0
3ac680bd-99e9-4742-8d42-e43f1f4da5f8,0
43190d86-00ba-41c5-ba01-ee2534051bb4,0
605ab89d-34c0-4d32-b21c-92a4abb5f2cf,0
3b6c51e1-ee22-47e0-bca3-3ce52c0a7ca9,0
e24988f8-358f-4644-baba-ac6dba55b78e,0
4e1634d8-1f30-469f-93a8-967d5ecd4d95,0
85dfef78-a2a5-4294-9019-114beeb5c619,0
7b6c91bb-8866-43e0-bed4-be7efefa1123,0
80de4a3e-8052-4f1f-8163-caad8ef41ea4,0
7609b78a-dbfd-4a5b-9016-bca713c80fe8,0
81908bc9-bb57-4adf-bae9-c12f78f0573a,0
dcc874f2-a533-4151-95b9-f98ac8a4a78f,0
f3b8a4e8-f9ea-49f8-8196-1df3beccf349,0
0f1b99b2-7287-410d-9881-7abc672810a1,0
fb46ea7e-ffe1-4190-9326-d9033beea59e,0
93cedcda-7acd-435f-b0a8-7e7d50497c6e,0
d9cb6b3f-2679-47e5-8e56-85e218bbc2d4,0
84d72864-042f-4b27-9acf-3d0dce3edd73,5
af0bb43f-4334-4369-8a3e-b2d0f99e311b,5
062fc29c-6370-4879-a0df-3e3645735eaa,5
f1607dfe-afe7-4cce-ba3c-898c26c646a1,5
68190266-a1d5-4e33-babe-5653380c0e5b,5
9ab51edb-620a-464d-a3f4-d8731cb732e3,5
7e229324-be20-4306-a03f-d31fba14160e,5
d9e41ef2-2c93-48d8-b9dc-1cb4fa7a9c62,5
8c1dd25e-c6d4-4fba-bd29-733d972c0c11,5
95990dfa-93e3-4e49-8f03-0b3edf0cc9ab,5
651ec54a-d53b-4aac-881f-acb24cd88634,5
95ef99e4-9468-4d64-a727-a3ea2fc0ff96,5
d36949b5-b89e-4049-ad73-6fa08d062814,5
b56ef489-3968-4234-8325-1e0cf67b39ce,5
f351f216-ee3c-496d-82f0-69499a5c8274,5
f9282e63-ac2f-4be2-9f70-1cbef357785e,5
125c9cfc-79fb-4810-b99d-6c11adbab951,5
c21bc404-35ce-4572-835c-e7f994797f6a,5
de5cf3f0-bf28-4728-9d24-9bd0162e8e80,5
be9df365-e346-49a0-bdb7-d2847ce89bd1,5
160430b1-5515-4b32-bac6-2ef11e39f959,5
b6ea105c-dd99-4e7f-9e4e-150eba268592,5
ae673d27-c678-48f4-8db2-deb41e8f6046,5
da9212ee-5003-4578-8c97-d82da1a0004c,5
550aba0c-4bf5-4ef8-a240-f05c024508c2,5
799b2c0a-fa01-41cf-9273-15345f1a5c91,5
b3589490-a7f6-4528-9a98-4edc5e10ed35,5
fc85e305-7e93-4abe-b509-f4211636380e,5
cfe21419-375b-4fd0-aa87-bab5254a1199,5
cc2f8fa5-869c-4678-88da-b7cee34bf18e,5
1a435486-608f-41b1-a987-0bf8bacbe926,5
f54dc40e-008d-4b9f-99ed-b87b53aee99c,5
56eb6842-cbc2-4987-a113-cb598605c0c5,5
524f6886-3fcf-4b5d-a6f5-b37c74c2dc3a,5
ce1d383e-ffe8-4d24-a2ac-4cb1a232725e,5
d38699b9-c4cd-49bb-aad5-607cf4674605,5
2aaf88fe-ae95-4a21-98c5-b9e77d664595,5
d8274e9d-0ca4-4612-904e-cbf0176898ff,5
9612c641-f851-469d-9fb0-b2966d160a0b,5
86c1e793-14d4-4acb-a75a-5fff792cc19d,5
1c7d1509-06f1-4c54-b0b3-88a87871aede,5
3489de40-c3dd-4191-bd3d-fc9c0c56cbdf,5
494d96d5-dfc6-450d-81a3-289215b8e4b6,5
06b49b00-4a45-45bd-bee4-e373ce4b2c97,5
0b2bc4a0-9dca-496f-ade0-7e65ce485b9b,5
35e762d8-cce6-475d-b437-281749690f82,5
2ae084a1-8ec4-410e-80ad-e6216a0f05da,5
210d8393-c84b-45fa-95da-1e26f0bb949e,5
8045cd17-f674-459a-b82f-790058f39054,5
3d170f46-b9b8-4f27-8f1e-bbe83ebc56ab,5
670c9cdb-9646-44bc-be31-1128fa00acdc,5
d12773f2-a901-4d58-9699-b7b2c5fbbd5f,5
69d6aaa4-5234-4f26-9dcc-2c38d7c6ad20,5
e40bacd3-fa0a-4c30-919f-86aa78b8d7cc,5
87edef9b-c285-4d65-a681-4318d023767d,5
09c30d01-70c9-44dd-b88b-4b01acbda162,5
28916cbd-a3ad-4349-bbab-69ef80494342,5
b61d5342-710b-40f4-9942-965a87da51bb,5
6f745edc-0895-4c44-abdf-455ba406fc2b,5
c8dc8e77-ef45-48a5-9280-6a2541cec590,5
72c7fe35-7bd9-4607-a3b3-959ce7081eb6,5
39b5145e-37eb-4275-ae89-6c9e51f1213a,5
8dd655b6-4c43-42a8-b877-da7d94e7b02a,5
c3943524-6e44-431f-8d4b-bb1f56ee1b82,5
d63a1dd8-9d5a-4d13-bac9-c07a2a71613b,5
f3089a4e-3d44-442c-a70c-e8fe045f06fc,5
3c3b33c2-3515-4335-93ec-45c4aefa3f53,5
a82695f7-2e8a-42a6-874f-cd9981d9dbac,5
bf802a6f-0070-41ca-9115-5467c5740f88,5
6f55654d-1ece-4997-b173-bc11fda68ed5,5
1414ab7c-ab45-4e4e-946e-bce9030ca22f,5
fa7d1f24-f013-4e42-80ce-8dc278b7a0d1,5
643a14b4-03ed-415b-8a19-7be40bc37c71,5
081d0405-eb4d-4943-96f5-3c612d30be72,5
4accd82f-10d7-4d6a-897f-da4db3559c18,5
91261563-4580-4133-a20a-35bc2ca47823,5
70cca497-348e-4688-a9b4-262f77ad0035,5
9cfb3db2-cbd8-4746-86f7-7c24b936b8c1,5
b3d82135-b1f3-4e22-b21f-b33d7802b17c,5
4402d9b5-3a13-482f-a528-1017e732cef6,5
b9e3153e-2a67-444e-af9f-0a54593a6e8b,5
8af75073-bde0-4804-b448-6e8e6f9a62cb,5
b73d0476-461d-4bf0-a397-129a1b25d0ab,5
7714e1a3-a57e-49f4-a711-c7a2b6e72358,5
6db27f45-dcb4-4c7d-b796-05745275ff4e,5
76da4778-ff9b-4af4-8548-16ad89bb0bdd,5
270a02ef-f18e-40b4-8478-a276d840dd86,5
15a4c70f-d0dd-46df-998f-69f76c67c837,5
4b16b019-3c34-43f5-a5a7-1f2c4525ecd3,5
2d134039-867c-43eb-8a28-b924a2c0377f,5
887c7372-8159-451b-b1dc-33d925a94737,5
a5d09d37-bb51-4e7f-8355-e39bde44974d,5
04bfd5f3-dc86-4113-a7bb-41e1a0f527d5,5
37a24c56-ec00-4582-8693-258c186c49d7,5
667d764f-9580-4f7f-8cc8-af1d04bece63,5
c52f0b4d-2cf0-4392-af49-ba48b8e13a81,5
8473da7e-bf40-4c56-92de-dd6850efe0a6,5
4dbeb489-cc59-400a-82a2-f5dd5cfb2ff3,5
43006953-c4f3-413e-a831-151f577be1d0,5
8531d1c2-4a3a-44b1-89a7-e8643c4e0ab4,5
77535b49-752b-447d-8c4c-20d9bbb9883b,5
f63dcd8b-1cf2-4939-b085-b4573bcf8e55,5
a5465542-2ad0-4691-a907-9fcb949be08d,5
d76cc891-d25f-4168-bb93-434f6e8849e9,5
bbc6248e-410f-45b5-b3ca-6a7c0ac0b457,5
5b0c394f-0be4-44b3-881c-7a5e81cdfd54,5
809ac944-fd85-4671-8ebd-702fcd4522d8,5
bc0da466-5582-424a-8014-b37d99f51704,2
a8520c1a-cf0a-42be-90fd-a895d9c2dad9,2
76c1a1ec-9983-4dd9-93f3-4e3345b06129,2
9a5969ec-f32a-4c49-b779-8db1a5dad9bb,2
4294e822-6c6f-4d85-bf8d-1c5fa3952e4d,2
001b0660-4c6e-4d07-8cd5-cd63578512f7,2
3163453d-41dc-449e-b35f-e6a06c477b3a,2
ef4af371-99ce-4611-b067-9149cf8620fb,2
a62e19f1-473a-4b97-a032-062e57ff415d,2
3dd81d07-c104-4ea7-a9cc-ba1737089872,2
d93d71e0-9f55-4a15-bce2-6d4d0047178c,2
a0acb81c-14ef-40dc-bf58-fcbc556ab1f8,2
d572f4c4-121a-43dd-ab64-ab1275585114,2
a13fb056-9598-4186-9034-f08610f755be,2
e8db19ab-a0d1-4546-8aa7-86a960a93eac,2
a53919f3-8f2b-44f1-96b7-6e557eade8a6,2
70eac30d-fe3a-4e73-b3d9-6c7d1e427a0e,2
24909a0f-0d48-4afd-b0c6-1f94efc9f8bf,2
3c6e817d-cda2-479c-ba07-7a84d42796d0,2
d0b3be9d-b3af-4d79-ba21-0d8aef7df469,2
80a0b882-e0a8-4e14-a0cb-786ac140dc29,2
deffe36a-82cc-4969-b522-bb487c3ec282,2
f8357aa2-7736-48c9-9724-46783366b8c7,2
254bdeaf-0a3a-43ab-88fd-4f5bb0bde8e3,2
41b40a1e-f7de-47d4-9b4e-9028d97c9e68,2
3b2cfa32-6b50-4b1f-98ca-3ea652faf13f,2
2046d2e0-8084-42e0-90e9-ba2fc48fcff6,2
d1498fbf-7b69-4eb0-b772-696de0d40de1,2
343aa703-bf12-4818-a1ca-d10caf25d3f2,2
c718d4e9-d520-4ed3-8982-108fd0b79e90,2
d90f5119-1984-477b-9988-7ba1fc83d2c1,2
484b70c2-70aa-4d12-b4cf-495b148cd4fc,2
aec84c24-b14f-479e-acfa-badf8fe725db,2
7137a286-2276-488a-b33f-b0e8822c53c1,2
de3c9930-891c-4ff2-a5a8-b031947f7e31,2
43ec9b43-7b8f-4b28-8300-59d3bef7b9a7,2
564f5deb-0778-4bbb-b6b6-b16a53fdb21f,2
f7090b1f-e64d-43af-9a1a-f38e12933345,2
ab827a55-03cb-4742-a973-a4719a626cd5,2
5c3b924c-53db-411d-b7bd-747bc6bf3cb7,2
e8310ee0-83be-4f7a-89d4-ad21aa8a50cc,2
4a3ab13c-57ac-4323-b01f-f57038b667b8,2
88a48ab1-f441-4585-8a5d-70be4e6c54ba,2
5d06825e-7a3d-4878-b0be-e23a35d4c5ef,6
ed14db20-a688-4036-b92a-cb47d9e38244,6
0a4ef078-ceab-4abf-9a5e-ddf3f867fbf9,6
9476583e-7fed-4736-bdab-084d4d25bc2f,6
918b9f30-3f6c-4b1e-b2db-c99c2f557d15,6
10552fd4-d1de-490b-bc02-9300464ac850,6
cc120051-2042-4712-8340-cefdc45bc853,6
a7c7d811-5894-4035-a9a0-94012bc7f78a,6
741a4c52-0443-4b1b-8f49-638549e10edd,6
0eb90969-3530-4fc2-a83e-f06f2632ea47,6
82e04092-04d9-47ed-a19f-2a53dc3701d9,6
77523994-047d-4fce-99c0-3c674273a0d9,6
71c54685-a37b-49d0-b8dc-b18415dfcf86,6
33883c00-d117-42af-92ad-28c4c746917a,6
b8c4e137-9712-42a0-bb43-d91f4f89af8b,6
d7437129-a2b8-4b11-a663-2bba0abb7d03,6
2d0cf405-b611-4573-bce5-ef1fd04ea010,6
bb43b0aa-68c3-4466-8ad8-d017083b53cd,6
b04e661a-2515-40bb-904d-ea5fe288ecfd,6
8ff7345c-2699-457b-a5c1-154257a8377a,6
6e8abf2b-51cd-416b-8c11-4e3b701c1b44,6
5d8bae55-c54e-4c9b-a77f-0172cef15993,6
8870e3f5-ae5e-4f85-a4ff-7260ff757864,6
e2087e9e-0d7e-46ff-8a95-13f65b5449cf,6
1ac835d8-c46e-4aa0-8e63-d56441afafa0,6
31ecf65a-2dfd-444a-a093-556ca1989f02,6
54068c9d-8872-42bd-b243-2b548e00f20a,6
7f59405c-e007-4464-ae82-2a4ad9e83c82,6
ea5199d5-0ac0-4674-a291-25968a1288ab,6
8d0a773c-8656-4f1d-b19f-38beb052f49a,6
9ccb56db-cce7-4012-a067-023eb1e0b085,6
45fda0ce-43de-466b-8cc0-372cc693e6ff,6
57962253-dec7-454c-aa0b-a967476eb5bf,6
e72c7bc5-5926-42f1-997b-37e5b9d91719,6
9cb90670-9da9-4753-b322-91566d137159,6
7eee443b-51a4-45f6-a610-68c66ecf93bf,6
02ce5c80-0f5a-47fd-a6ea-f4b384020b12,6
89c9c205-d87b-4759-bace-ca21d7e7302b,6
a59325df-3e66-4a99-bba2-989faacebac1,6
66b8a4c1-0348-4e75-a924-274b199cec3f,6
c76813c9-a2a5-44f5-9ef5-6e9c2f6738ec,6
db3d993d-673d-414e-ae16-cc8af3957c34,6
a845a0f8-1c3a-453d-a67b-d57a2210373f,6
44365b84-8e9e-4d23-8840-4b610aa8d2c8,6
f109450e-2d18-40f8-80cc-aa1db76e3e50,6
4616deb9-9a98-4a2d-a192-3c14ebbad030,6
8dbefb8c-69f0-4447-a7b5-4ea5256faaf3,6
9d469ced-2f1e-4312-a2f6-0fb8a3b28913,6
29e980a2-c9ff-4915-a0ce-21c87017367a,6
c6585dca-fcb2-4477-a6f0-96e0addc66c7,6
026dbbd3-1c53-4884-86bf-8195f2c4d127,6
c2129ab6-72d8-4a42-b183-e876b503f789,6
81b86998-86fa-4e3c-94d5-b79bcabd8554,6
b039cf3c-188b-46b2-97dd-3fa30245abf8,6
22a3e21b-10cf-4d12-944e-0f0bc095c398,6
13b030e9-cffa-4b85-9142-a2aff58d0330,6
1f7616e5-5c22-46d3-b823-4d296b8e14e2,6
56bc7c55-193c-4247-a10c-e7f3b426a37a,6
9cd87405-40b8-471b-908e-0ebd71280303,6
645756dc-d5b7-4aa0-a927-b95edfa00f94,6
b3700afb-b1df-4618-a275-12348044d1d9,6
66d3c8a8-e0c9-4085-b48f-2d624d773c4f,6
be4e6c50-68bf-4156-bf09-6ec7ee3684ea,6
ab54f2ac-98db-4e90-825b-375d1f451033,6
73a48bca-e544-432f-a2ed-404a86bb557e,6
c1b69356-4d5d-4869-81c8-682a3372aa45,6
1cf35ebc-13b4-4314-b7a3-bc1ff4766517,6
f4ad01c6-a762-42f4-b8f8-fe629e243ff2,6
1882334a-28c8-4e66-9aec-c36ca11067ad,6
b4473b3e-18ea-4bb0-bf1b-833b5f964986,6
8f295739-8074-4a25-83d1-e8944c44aa64,6
07c86c47-0618-480f-bc63-6e9e7d3b49e3,6
ac815441-e456-48c1-a3a1-411220fa3756,6
11dfa03e-b000-41ed-91fc-4766204d5dd1,6
64ce8746-e80d-4f47-b913-b05ea97ae146,6
0ad46ce6-530c-4eac-88ad-7c069fb63834,6
6c9ded3f-34cd-4378-a42a-cd51ac651fc2,6
7f820326-5f08-42a5-8492-f768b3d2b1d1,6
72bec4f2-6899-4c69-83d7-3248137c64cb,6
60de89e6-40b0-40bb-928b-0513cce0c018,6
25c8346e-f609-4baa-a6ad-97bcddb2c013,6
4c89c79e-bc56-4594-95de-3634dc45bd57,6
7a25d5a0-eb6b-4d78-8f67-2f03a0dafe1c,6
0f6a15c7-b36e-4ff6-99b3-8c28ce4ed4b5,6
a94fd09c-c3d8-4582-93d6-4725498fd069,6
7501cc22-0086-4a13-aa43-5133a3bc01ef,6
3575ee2a-e3e1-4617-a32b-e5d2a06fd335,6
bfe540b5-7f45-439b-b02d-9024c46fe82b,6
b835945c-e4fc-4a98-8e72-46253aef8f23,6
e202e98e-d441-4ed9-b7f5-aa3fcd26522a,6
c9ef13c8-3682-476c-9b5b-deb7e1eee102,6
0e9f5597-6295-40de-bff7-2cb169437f92,6
44c3b01f-649c-41ea-ae1c-5d2b016af5a9,6
d43d6e7a-4ddd-4ce4-95b8-9d48121510bc,6
c3fee21d-33ae-4be4-b41e-58209dabc391,6
f1e92c9e-1a2f-4349-b8ac-3363e4bf07ea,6
e7e4b3b2-1f4a-4cd9-a3c5-b65181aad59c,6
7ec7b34d-922f-4a77-9ff7-7f7bd1c3fa8a,6
309d902f-3163-40b9-b8d0-c87a07e4154d,6
84b49142-060e-4915-901b-f6040376e775,6
9c5ec853-46dd-40f4-b3a5-d6d972010f67,6
a292e1a4-ac7c-4e4d-8c87-87ba3d38e39e,6
daff87d4-87ce-44db-939c-6a9d08db8a3d,6
1b2a21fd-cb9a-47ee-94c0-01b3ba8a6696,6
f805d79d-c6a3-4de2-a981-0ea85aa77d8c,6
2a01cd16-bb50-4cfa-8856-2dce1c7ce058,6
c2757232-2d1b-4357-ac15-bea480dafc5a,6
d77d2c80-d4c9-4ecf-aeb3-862a02cd69af,6
de2e4ad4-a0dc-4197-a082-6218c4877b89,6
00ba0afd-708d-4142-b1ef-c1b0d5100da4,6
3d236d49-2b55-4490-bd3e-0a213b211d56,6
f8f99e11-be9f-45eb-ba12-562b2a8cc064,6
eb28b4a6-c464-4315-8489-06d799a5fbdf,6
3b81c80a-94d3-4f81-ac70-b15157de22d6,6
1ff50653-2af2-4541-a1df-c0e54cefba69,6
97b4648c-0eda-443f-97a8-1f240ffe7cbf,6
4928bf60-fd79-4014-a632-d2ec8fbb7aa4,6
604dcc22-73f8-4eef-9233-797a34cbd313,6
73fd0727-a978-47ff-b105-1a1fa138eb2a,6
1507f91b-a23c-4fc8-8a30-8b7ca89c3efb,6
57fd7f09-0664-46c6-8c25-4196dbbcbde5,6
f90220e2-801e-4dbe-b200-6af1b749022f,1
892d8d7d-8e9d-4954-b6c1-d3d8d5d7be18,1
48633855-667c-4102-b282-de507009abe6,1
b38b9347-2f91-4144-a377-b3b716d985d5,1
eb4b8e32-2f90-4487-8cb0-de8ef0e4e335,1
975928cf-4d3e-4dbe-9912-a55c1bb05f2b,1
a7409e44-c032-4e2b-b617-d971e2169d2d,1
9daba528-2e14-41be-88d8-c43edfe61155,1
6a7716fd-2bc8-4179-8ec5-764e9ed2745f,1
36965074-6aee-49cf-85f3-08bb5e9b306d,1
a96f054a-8f88-4c4e-b949-5d63cca7cb98,1
29585ec7-63b6-4973-bec0-17220ea67e58,1
a7f791b4-aa20-44b4-a5fd-7e0062d0bf6e,1
a88fa550-c3fe-48a9-929f-948a305d8a2f,1
ef8f1225-c7d1-41f0-b16c-a10bed34cbc7,1
1766fb44-985c-4113-936f-6a326265805e,1
5d7d6f20-f680-41b6-87b8-f3629b8a9476,1
0070adb1-47d2-49f2-90ad-e0c8db11e8bb,1
7a6687c8-3173-457f-9703-83c92edc4f69,1
50c731cd-e039-4234-a297-7c6bc4c09ee0,1
d4af1f88-a06c-49cd-8ca9-8a4e9b2a2233,1
608fcf6a-ae8f-4aed-8abf-fd946093af3d,1
7ce41c5b-c8a8-43d3-aa87-d181a9536284,1
b6a40aa5-26b2-4252-80a3-04f1febbbe27,1
07c01a44-4ab2-430d-90d1-3a6c119b758b,1
e99492e6-37a5-4722-b286-818ead1b76fb,1
6c0ae623-92d0-4947-8287-d4367b6b3f73,1
c0fc212c-77c8-41de-aafb-35e66c476fd8,1
40ae5e0f-8cfc-4ea4-9ee8-fc3900b5e32f,1
464681e5-2cb7-4b4f-b7c3-dbb53143eca8,1
0a6e2090-bdb0-43eb-8e18-c49d7e84bddd,1
db8bf54d-e9a3-4662-a5d1-e0292cc65a64,1
46801de2-67d5-4ecd-a31a-16ad3a36d565,1
df7f88b7-145c-4e57-80b6-20fcae906f47,1
2fd47fcd-e960-499c-b807-b43d93b265cc,1
f481ef44-bb07-4a23-8383-8588dda71151,1
34d2248d-63a3-4dfc-ae61-e6c8aadb10c4,1
465d1894-88db-4b70-be5d-c6e4ecb68694,1
91ce12c2-9cd4-4349-984d-42553b221f4e,1
ae94e570-1eef-4e37-a9c8-23d8dc291c37,1
9598f754-a4e6-47d5-95e1-1b897b1f84f2,1
1bd3ec7e-3607-453d-91e1-06a18f65c69a,1
e8ac3be9-fa9f-445e-9ca8-65c8c475b0fb,1
505e7d33-0c7a-419c-ae14-7258864a6a51,1
d150a9fe-357f-4032-8a9d-91461136b446,1
49d06f53-63b1-4915-a11d-6f225718dc8c,1
cdb9df2f-0c44-4b3e-8327-c23024390fb1,1
17d18805-7d92-4aee-9343-914f76d550e1,1
02bccae1-cb6f-4de8-8aaa-235de0355d59,1
a3a32546-3579-4ed9-becf-c7096583cb82,1
c178e1c2-6260-4877-870b-9f48c0919e80,1
25118799-6aab-4266-984e-f4c7669728c0,1
4fa1f990-34b3-47f3-ab38-e91c48702099,1
68c275d2-d568-489e-9acb-8f222a23c174,1
8c9138bf-b7cc-4b84-b5b0-7a90945ef9f0,1
7d2517b9-96ad-40fc-b37f-7e8f5c19f81b,1
46ddbfcc-cc60-4e89-b318-87bf50838a39,1
042555ca-84f3-400b-ac2f-1634d06d451f,1
c97e177c-ce70-4d03-a3e9-7ffcf91492e5,1
309cbac8-1f1f-47a3-9b21-5c72b669303c,1
af8b35e3-9fef-456c-b45d-305598244b58,1
6228617e-f836-4da2-a87b-b659c437b3b9,1
ff796941-78f3-482f-86a1-2a77f3f64d8c,1
807c4cb7-5a24-483a-bd2b-c420448ecfce,1
52a2a922-0c8e-441c-bad4-1ed632885863,1
1199dfaa-ebec-4c10-8a5c-e81f1d66d795,1
1f624354-de21-4d3d-969e-958a83139f0e,1
525d3f2b-781d-4366-8534-85e3983496a4,1
1736251e-8668-41c2-a56b-649d71c2942e,1
16774bfe-a838-4928-b8a8-0b1d1d8e5ff2,1
6fb6d7db-9fd7-4e38-bfc9-f53bac166421,1
eb449837-6fab-4bf9-9d3b-3113ca28b040,1
f29d13ad-6ffe-426a-ab30-3e1dd18fe9aa,1
f3e8a16f-ecb6-485e-bd83-2db77bb124ef,1
dab94228-7f9d-4a31-91b0-f9014a56c5fc,1
10a17dbf-43f7-47e8-b6bf-3bff4939f916,1
c1fed003-8a79-4992-92aa-278291305128,1
9b96c30d-db9a-46ea-9f8c-b2d56a1e39ed,1
66d707ae-f8d9-49bd-8fde-c3b0b3967ba3,1
c012b8f9-16d9-4f9d-b7ec-b5340e9b4f25,1
65014524-217f-4a69-b08c-54feb778e658,1
f0802964-d22e-4697-a66f-de787c68e866,1
6be1916b-77b1-455e-95ac-f71b403afc65,1
27240803-6183-4104-baf4-bb95a3c7f848,1
aab4d0d0-b165-49c5-ac00-1b24eaccb661,1
c339d6dc-f9c5-4fc1-a9a2-deb78cabf271,1
120e76dc-9ff4-4ff8-8485-54420bdbd0ac,1
df217840-839a-4d1e-a292-978969d230bc,1
a3b182a1-dfc9-4b1e-9ed8-136f44380c36,1
fc28c682-1c33-4a35-9565-ff7e21f39537,1
225f41c6-3903-4f83-9d34-12e756dcc0d8,1
a89e6694-3634-4faf-abc9-ffff28efa124,1
0a245854-79c0-4348-9788-3e4b9f72397c,1
551a65fe-c2f1-4e31-97d7-f4fd8da1ced5,1
d319137b-b857-446c-b3f9-78e2747c8625,1
58230525-511d-4b8f-9014-f70b7bee17d1,1
e5184227-9ca1-4e1e-9eb9-5cbb74cace30,1
980efce3-f448-43cc-83da-4b9870b77e9c,1
e5f018f1-f7b8-4cc7-b6fd-85288f9d8f0f,1
df8ba91b-adc0-4903-b915-343838da8e55,3
d8118aa8-3523-4863-9a49-4c4f07b152d3,3
997bf929-c3f9-478c-a6aa-ffaf1687f795,3
01fa0790-6344-4b49-a268-7535cc4b0ac7,3
47c773e7-78db-4044-aad2-2cdfca5a124e,3
14ab3b0b-4a7d-4f4d-95e1-f21b7d2fca11,3
641abef3-cc2b-4c74-9091-f4ea29607e4d,3
096cddaf-8c94-4fb2-b575-b2cb64657217,3
ab5bf8a1-616e-4d9a-bfbe-8ab101babddd,3
d04341a6-c197-47d8-8a25-ad7d20181046,3
8de91cca-2816-4230-b52c-362a95f67f09,3
1ff66da5-e53e-4190-a431-1ccebcdb62bb,3
caf89ef3-6b6f-4247-ab8a-256e8e5f33b7,3
ef27def3-3152-4361-bca0-0ad453b2098e,3
9b22d57c-b32c-4a0b-8152-c0a089ebed6b,3
ff9655af-aa2c-4fef-9ac8-6fb4dcf0fc01,3
4e8083c1-c843-45da-a80d-8b0ece025d9d,3
2507ff76-3e48-4bcb-8269-340e3036a60b,3
61f2606f-2e6f-4af6-9572-ff7d8ee6c48a,3
9a93b5e0-ce4c-4be1-83f6-96fa8d6213af,3
219361b4-6387-47f9-9fa5-0cc8785e00db,3
ec487930-605b-4100-a9f4-98602f73d711,3
aabda642-c0a5-44a7-8cf0-1c9d1a3483f2,3
23b9aca1-77fe-40b5-86b9-29c83a855978,3
78e51c56-7e4b-44a8-a450-380822ecbc78,3
f6ee1cac-3abc-42ba-b30a-312a0472a6ab,3
96c8f223-57f6-4153-8cee-14a3a4ad9b1b,3
83899777-c19c-4320-995b-a92894369bb7,3
6db52999-312f-4a86-8bed-19cba1a346bc,3
32e0ca1d-380d-41d3-9783-ad547e48379e,3
a54a32dd-1cf8-4c4c-aa9c-fca1984da269,3
2db965a6-1078-4d46-a4ea-1207b81c7256,3
b985f213-126c-4147-b955-31745a0337c4,3
671c84ef-7b13-4f11-a85a-8aff23053f16,3
c37bbb47-842f-4782-b09c-6008b36e1f32,3
62123b32-9486-42b8-8ddc-74dbe6ffad0c,3
4c0dc6d2-d0a4-4d7d-a37e-a494c4fb4412,3
918da2a0-769e-4ee7-8a1d-53d39e60ba39,3
a28fc870-f386-4443-a2e9-b281c1493eca,3
f0eca1ab-fd20-470b-92cb-1b0ddcebc51e,3
0a811e50-13f3-43a6-b792-25b585a641d5,3
118292ed-f999-4e66-829c-44f4cc01d810,3
1da2fa49-a7cf-41a2-aebe-983039b2b957,3
2b045eaf-547f-4b6d-8a15-fdbf395b25a6,3
a572fa0b-9afe-496c-8300-466ddca11cc6,3
8ccd3c58-5ec0-46c8-88d6-61e7ebe4701d,3
42712a47-e543-4eb9-af6a-f2ba05390c2c,3
42a181bf-c415-4d50-a212-54aabb6c65f5,3
890cf7dc-9c8d-4f31-beec-eff3e3cc02c4,3
201d5445-d2fe-40d6-8c7b-0361ec3937c6,3
9fcda353-5400-4d08-b899-060797f13084,3
87dc8dd3-ba16-4752-98c5-732330198524,3
08d814e3-059e-4ebb-83ee-a1f4106d1198,3
ddd3e9f1-697e-45a8-b51a-1e048e741d69,3
4792c77a-2645-4e68-9ecc-393dd6178c89,3
5924915e-12c7-4417-a47b-d42f15f83bf7,3
4b97c14e-6dc0-4124-9821-748592942d08,3
7aaeeb3e-e298-441a-a94f-f4ec1be3277e,3
b1c7a15b-67d1-4116-bfda-113af67bc074,3
b24cbfd8-8f6e-4596-9666-6f604b7530a3,3
666cc4e0-a1b7-45d5-ae7e-aa476c16af19,3
0fd71946-d26d-4ef5-9f3c-91f49c26c81d,3
abe8b4aa-54a5-401f-abe6-3d4b35769eda,3
aa7fc3c8-6d58-4cf9-9c6d-cad10992ae61,3
58965d62-5833-4372-bb2c-9011a298790a,3
f5b42e0f-31a1-4a8a-bf98-c0e63c964d30,3
d2014449-63e8-4b87-9ef8-36960e80ea80,3
49ce6980-bee9-4ec5-8fad-f67715b87a1c,3
ded5ae43-97a6-4664-9351-2b7452ad7799,3
0b788819-0572-4fd9-949b-bfcbc298735c,3
ac8efc43-555c-4a28-a884-5eed6a2d9426,3
081ed365-6dfa-4fb9-971b-78d41a96d9c7,3
01519e08-8e46-4add-a335-b2a37411ad6b,3
95ff4638-0e04-4072-b7c5-631a52ab794e,3
d4ec87c5-c17b-42e5-9b67-c5da4d528fb2,3
e7fb7587-275b-4776-b3e5-abebff43577f,3
e534c5e6-f225-4b9d-a7e7-2cbda0d7e1c6,3
a55ef656-7338-4a12-9cb8-0c73fb47d3e3,3
deccce5c-f815-4f15-9c6a-29bbfa55efb6,3
9bc54f57-dfd2-4215-b5a4-5ff6e4d75ea1,3
1273cfa7-24e5-474e-b2c2-479c45878bc3,3
ff844498-1ed1-4f45-b13d-9f89bad8e538,3
5a7b7053-71f6-4f6b-ad75-454f7315b7f7,3
8b598eee-fc40-4fb0-ae5b-b654b4b2706b,3
21f48be3-a660-4f6d-be27-c6b32bd334f9,3
20e078c6-1510-4acd-95cc-393d664803f2,3
51585a1d-129c-4e5b-9cd2-53f382ab117e,3
d5e4f876-4b01-405c-884b-1b56850b408c,3
1fd8b2ac-f113-4105-852b-91c55fa7cb14,3
b3c56765-b9c3-4768-aef5-fe775119215a,3
56290042-b93d-43a1-967c-39c7576d1694,3
c36892f3-b342-4767-9f6d-b824fac26e57,3
707b199b-2a81-49bf-bd78-bcd6daf3e16e,3
7a081e59-ade4-46e3-a80e-c843b95459aa,3
0472bbd2-8240-4389-a0a9-d83893cc4482,3
b45757e4-abe7-4d4b-a1ac-3601240b89ad,3
da48a5e0-a851-4eb9-9177-128453662173,3
77180126-32e7-41e6-9662-7de626663b05,3
688a6a75-3dca-4227-baf1-bbdf06f4e4c7,3
8dbc522d-23b7-4e25-936d-54f749f96e25,3
be2f728a-2615-4a51-807c-bded74d89cd4,3
f3f81a32-f247-4887-b535-19e17d2e4910,3
dd2493a1-1bd6-477e-bd14-970dca4516df,3
7b2ed307-02a9-4e07-b725-587b3fe50207,3
f8bcfdd3-f43d-4149-8ead-a7fbb59c9962,3
e91e15a1-0d72-4fc0-8f65-761cd91584f3,3
7fd79a38-fd50-4692-948e-f26dde5b4019,3
71342dab-ba51-4705-b8ab-985185e51d88,3
a43b3327-511c-4870-9914-8dad3687b349,3
265c9989-0bf0-4393-8ca2-7cd3bccfef18,3
a23a1aee-f086-4276-8359-7676afbe3b9f,3
ef78a557-6858-40f7-992e-d224be7c0bd4,4
28b593fd-dbc7-417a-9536-96e9110c5f03,4
0bbecfd8-3d33-4d44-a8ad-8074a68bd4d4,4
8d78e231-78c7-4a12-996a-24a84cc98f5a,4
4c72a694-5758-414c-a420-e4545af54eaa,4
03f1b031-3a28-4f3c-8abd-a6cc13c1f7e4,4
78cd7d57-9fc8-4fa5-b33a-64565c076a66,4
3e11d36f-614a-4cbb-b991-66ec48840e34,4
b4bbfd7f-933f-4f1b-a549-38ee36fe23bd,4
87e8a70d-80c7-4436-aee8-d0f43149d926,4
69d5baa1-1628-4ef8-896f-469bfd9e25f5,4
3528729d-a7b9-4e0d-a147-cad88127c53c,4
e179d0de-f091-4213-adc8-9eab3d7f50a8,4
ac6a9cf6-451f-4071-989a-0ed17e951854,4
03f85f0a-0951-4557-94d1-6cb39de52c1a,4
6aad859b-6680-4300-8974-a9fc8bb4d2b8,4
37118bb0-362d-48d9-8be7-338acc226078,4
f8399914-0057-4672-a44f-b46cf5931dbb,4
b9529c17-5826-445c-bbc5-879312e39459,4
bf07beb1-a44a-40d6-8602-010f5118dddc,4
17d9657a-2823-4795-8517-612106e50fc4,4
5f4e0f4c-c0e8-4f46-a9a8-36d0e0ee94de,4
cb8dd2d1-8e4c-44f9-aa96-b36158ad2eb2,4
d83a8aaa-e78d-44d1-9977-00b37e1eae04,4
ab008f6e-1d3e-463d-a585-0de21c082581,4
48d5c05b-822f-4290-96da-c93005245036,4
f221f8d3-ee1e-49a6-846b-c46f07654fed,4
3e3ab4cf-dbbe-44c8-ab8b-3ff74d893508,4
3e4a4b66-1da3-4ea1-a485-96710e6954a6,4
a3993aa1-607d-4e28-81a6-e41e5582672e,4
1786490e-4f78-4a29-9d34-16f094df26a5,4
ef9292a7-fdf0-44c7-8711-d31470a3884a,4
c306b9ea-3942-401a-9e6a-d140f94ad476,4
6ec13a94-ab51-40fd-bc76-503e8902a1ee,4
c35798b9-fd20-4b55-a0b6-22b4cc44d36b,4
405584cb-5435-400f-a10b-5b5b86d9e84f,4
372d8b4f-a0aa-4b44-bb14-66f11046da1f,4
c6f52134-9324-48f3-81b7-60b0404af647,4
dfb94326-74aa-462a-a3fc-7ede1246157e,4
c3527f86-320f-41de-a295-0c4f320805ff,4
cae60bed-bb0d-4065-8db6-d74718202691,4
b7b60d43-0d0f-4aca-adb4-308176564241,4
c30414d0-c0bd-43e1-add8-93d323e93b8f,4
eff5a8f0-249a-4fe8-ba06-bad6c538dca3,4
bd00bf14-6e2d-4fe1-964d-ebca932a2392,4
13df4072-cd10-46e1-8c4d-c10690c8340f,4
b464de1b-d5dd-4b8f-84a7-4b1469a5a721,4
e6975a0d-b028-42b0-8daa-d579a6b8e084,4
0da1263a-dbbb-4c30-8080-ed84232f47f9,4
b6495e31-2a87-4f14-bc84-0ac4bdf746bc,4
f3ff76fd-e721-4937-b529-1d4a88dfe8f0,4
8eb2242e-aece-41ab-81dc-581701f64e1c,4
7c4a7af1-472e-4101-aa33-92cbd44f9d78,4
898294c6-4f72-4e52-8a9a-2d1387ecab36,4
714bd1d6-5742-473d-9a52-7c3635d55df3,4
b0f1376e-9dd4-4c19-b916-6df2e5ef84d2,4
26da39b3-6b1b-4b55-bcff-82bac3825bab,4
aa6bf931-7cba-4614-b5f0-8485ae98b99f,4
dd827646-b9ea-47c4-b403-995872a3d644,4
881e0d4a-ae96-4fd0-99a4-4a32febeff7c,4
94e5d5d5-8a3f-4913-98bf-d659736d0a21,4
13293678-ec2c-46a8-821e-93c4d9bc8fee,4
cc9e2501-ce63-4f78-a12d-e462fa29021b,4
193931cb-bd9d-4916-9dcb-3479769d2fcf,4
771a5742-3c9b-493b-b0fe-9696441c7e7e,4
0e63f2a3-042f-41bb-ba97-7f4efd647231,4
21cf9036-f6ce-45ab-a1d0-16e0e960d64f,4
c9d6134b-ebd6-4ed8-b09b-c7024ff8af6a,4
f0bbe08c-0503-4be6-96c9-0179fb16ac82,4
9f92a69f-9285-4b37-9f07-c0c0b7a72c68,4
2f34ad99-7796-4837-baf6-4e163d64eed2,4
91468b67-9f76-4af3-bd51-42ebd9cef62a,4
529ba19a-6445-4bd2-91cb-99df5d53fc15,4
26956015-a018-459b-8782-22eca94ef1af,4
9e4d6fed-a49a-4ec1-a2ae-97faaaa4a74b,4
804c406a-dbd6-47d0-b5a5-6981df0dfb01,4
dfaa78d2-e105-4551-969d-4a0d09917afa,4
8188283a-59c7-4e90-a95b-6bde5dbc779b,4
a3460518-28f8-42f0-98cd-0ca05b1f4bcc,4
75ba5bde-09fd-4e1a-8212-21e8f44a8bad,4
d7e64fe0-b35c-402c-8442-790cb2b084f5,4
322b6f1c-8377-45ee-8946-644096a030d3,4
d66b556b-6a12-4783-a319-a11208899185,4
cc74ee83-b820-4242-9e68-d3d160b0eaa5,4
7f4cd681-f9f0-4912-a249-33a116380733,4
a3b7c7c2-3969-45f9-b440-6282e7258fc5,4
c70a0fba-4ed9-4782-a158-97fc44c9784c,4
c18e6aef-d90f-4cd7-9ac8-3fbac7fd6cde,4
68cef463-e377-4e76-ae1f-15e0e233dc5a,4
d4ed21b7-eaaa-412e-b8b4-c3ed48e3c220,4
7059e017-d236-494d-b193-1382ea1647d7,4
cf00f7aa-f26f-43ce-8e5c-2913edf3c8cc,4
3d4c7621-f825-41e1-9cb1-6cbeb8311834,4
65ac2611-78a8-4f7d-bfc2-e83b942f0ba8,4
00a3e2ff-adbb-4fb3-b881-01bd24c0490b,4
33654058-ad73-4e62-a058-5b81f7921834,4
082c847b-b690-4751-940b-baa0acf7416f,4
68cb281d-de34-4732-80d1-6b7e90d4353c,4
316571e3-994d-4881-b4b3-419e61f5bdbe,4
9d7c1d1c-0596-414b-990a-5498dec2febb,4
9744432f-3629-4d71-a270-cce30c66cf40,4
a9ea46d9-69b6-4062-be37-22270a0e3dd3,4
240f5a7d-524a-4011-aa12-f3e5574b646d,4
748ac3bb-db91-44f0-b089-271246c9adba,4
9f7e6478-dccb-4bb5-9d8e-4f2ff5dede58,4
8955ef9c-9215-4a54-8680-5a00185b1fa3,4
8c1e5f58-8124-4b6b-9a57-e0a69096e66a,4
68e6c528-468c-42b6-96dc-9bcff0c9c961,4
fbbda99f-be6a-45a6-a7e1-a90730128aaa,4
984df6ce-1884-4b41-a48a-3f8d13f0c39f,4
78d1d4db-ed4a-4132-a07c-eab06b82e627,4
ea5513a7-f18a-4393-8ab4-44e574e70f2b,4
edf4aec3-410d-4ed3-90d2-12671bb4c625,4
297e1f02-66ac-4e4e-849a-da2f1103e8a0,4
926418bb-2e66-4c82-82b1-13a82faf73b4,4
e24e1356-ea01-4189-a3d3-15bfb145b7a5,4
